Email Address,LAST NAME,FIRST NAME
bockelboy@icloud.com,Bowen,Pepper
hyper@optonline.net,Lee,Zoe
jfriedl@att.net,Nicholson,Jack
ganter@att.net,Fuentes,Ace
kaiser@me.com,Winters,Sassy
grady@me.com,Sutton,Ellie
hager@live.com,Werner,Penny
timlinux@hotmail.com,Allen,Hazel
gmcgath@aol.com,Marks,Lacey
bsikdar@live.com,Dunlap,Lexi
larry@icloud.com,Li,Bonnie
kourai@yahoo.com,Schwartz,Rufus
neonatus@optonline.net,Chavez,Samson
dkeeler@icloud.com,Henry,Dexter
amaranth@msn.com,Jenkins,Ollie
eimear@msn.com,Peters,Zoey
osaru@yahoo.com,Newman,Nala
errxn@mac.com,Preston,Hunter
crusader@optonline.net,Hopkins,Henry
vganesh@yahoo.com,Schmitt,Jake
mstrout@live.com,Villanueva,Sadie
tromey@icloud.com,Hicks,Chewy
storerm@me.com,Kirk,Dodger
singer@yahoo.com,Porter,Oscar
campware@att.net,Buckley,Chase
rddesign@hotmail.com,Maddox,Harry
geekoid@mac.com,Lowe,Copper
frederic@hotmail.com,Mays,Duke
crowemojo@outlook.com,Carson,Trixie
nelson@mac.com,Kennedy,Cisco
themer@yahoo.com,Rivera,Apollo
mdielmann@verizon.net,Rosario,Cooper
lipeng@sbcglobal.net,Love,Millie
crowl@optonline.net,Copeland,Panda
kohlis@hotmail.com,Lawrence,Layla
eurohack@gmail.com,Reynolds,Sophie
ribet@optonline.net,Hunter,Peanut
smeier@me.com,Lang,Sasha
ramollin@outlook.com,Melton,Guinness
luvirini@verizon.net,Burch,Heidi
purvis@me.com,Ochoa,Milo
conteb@sbcglobal.net,Tate,Baby
petersen@hotmail.com,Hickman,Macy
fviegas@hotmail.com,Huff,Scooter
aegreene@comcast.net,Hamilton,Alex
wetter@verizon.net,Pena,Riley
kronvold@att.net,Briggs,Oakley
ahmad@hotmail.com,Silva,Rudy
william@optonline.net,Barry,Minnie
niknejad@outlook.com,Martin,Angel
cparis@mac.com,Saunders,Ginger
kempsonc@yahoo.ca,Richards,Bentley
barnett@me.com,Mcdonald,Cocoa
dhrakar@icloud.com,Waller,Gizmo
srour@yahoo.ca,Simpson,Leo
crowemojo@hotmail.com,Moody,Rocky
ntegrity@icloud.com,Clayton,Murphy
ylchang@me.com,Pearson,Zeus
juliano@mac.com,Owen,Otis
amimojo@yahoo.com,Knox,Yoda
dpitts@optonline.net,Ayers,Gracie
rtanter@yahoo.ca,Marshall,Buster
curly@comcast.net,Foster,Roscoe
matthijs@att.net,Carroll,Champ
cumarana@icloud.com,Castaneda,Luna
evilopie@gmail.com,Morrison,Daisy
mgreen@aol.com,Clay,Princess
gknauss@me.com,Skinner,Winston
wayward@verizon.net,Huang,Foster
burniske@aol.com,Hatfield,Bruiser
rtanter@sbcglobal.net,Ramsey,Maximus
sethbrown@att.net,Branch,Shadow
leocharre@yahoo.ca,Weaver,Missy
raides@icloud.com,Burnett,Piper
smartfart@gmail.com,James,Chico
imightb@mac.com,Mason,Delilah
kevinm@live.com,Obrien,Chloe
wainwrig@hotmail.com,Ewing,Honey
kawasaki@aol.com,Oneal,Josie
janusfury@hotmail.com,Ali,Louie
jlbaumga@msn.com,House,Roxie
shrapnull@yahoo.ca,Garcia,Kona
cmdrgravy@verizon.net,Moyer,Sally
tskirvin@mac.com,Mcdaniel,Miley
dhwon@mac.com,Mora,Toby
amcuri@me.com,Cooper,Samantha
danny@icloud.com,Ferrell,Athena
stern@sbcglobal.net,Wilkins,Bella
liedra@icloud.com,Randolph,Mickey
pspoole@comcast.net,Holden,Blue
wojciech@live.com,Lamb,Monkey
alhajj@att.net,Taylor,Loki
north@icloud.com,Lewis,Beau
djpig@icloud.com,Banks,Hank
thurston@me.com,Kaiser,Bruno
seebs@mac.com,Phillips,Lucky
kludge@yahoo.ca,Figueroa,Emma
jonas@att.net,Cherry,Bear
demmel@optonline.net,Foley,Porter
jacks@live.com,Sandoval,Brandy
osaru@outlook.com,Douglas,Raven
pkplex@gmail.com,Macias,Lady
eimear@me.com,Dodson,Sydney
hling@yahoo.com,Palmer,Luke
josem@gmail.com,Whitaker,George
lstein@me.com,Harmon,Cricket
jmgomez@sbcglobal.net,Richmond,Dixie
gator@aol.com,Solomon,Abby
sumdumass@sbcglobal.net,Alvarez,Bruce
shaffei@mac.com,Tran,Winnie
dmath@aol.com,Rhodes,Cleo
tellis@optonline.net,Santos,Casey
russotto@sbcglobal.net,Miles,Willow
leviathan@outlook.com,Cannon,Callie
gregh@optonline.net,Cameron,Brutus
british@comcast.net,Bowman,Sparky
jdhildeb@yahoo.com,Nguyen,Lola
mhouston@comcast.net,Russo,Dolce
rhialto@outlook.com,Brady,Benny
hermes@sbcglobal.net,Moses,Rosie
mhoffman@aol.com,Monroe,Jameson
alfred@gmail.com,Mills,Foxy
haddawy@icloud.com,Bright,Gus
dalamb@outlook.com,Hardy,Mac
shazow@att.net,Nielsen,Oliver
nullchar@sbcglobal.net,Kelley,Lilly
jandrese@aol.com,Blackburn,Moose
barlow@msn.com,Nash,Max
sartak@comcast.net,Keller,Sherman
scottlee@live.com,Mooney,Hannah
parsimony@live.com,Bolton,Cash
bahwi@yahoo.ca,Lucero,Teddy
dmiller@sbcglobal.net,Robinson,Ranger
noneme@msn.com,Brennan,Bo
garland@att.net,Rowe,Charlie
peterhoeg@sbcglobal.net,Sparks,Izzy
tubajon@verizon.net,Daniels,Boomer
greear@me.com,Bradshaw,Missie
heroine@icloud.com,Suarez,Rocco
budinger@yahoo.com,Walker,Mia
barnett@gmail.com,Rollins,Lily
techie@verizon.net,Riley,Jasper
jbryan@aol.com,Lane,Buddy
cliffski@mac.com,Lester,Diesel
bulletin@verizon.net,Weber,Finn
frosal@mac.com,Gross,Ruby
boftx@yahoo.ca,Ray,Stella
lbaxter@live.com,Reyes,Ella
zyghom@msn.com,Logan,Katie
jginspace@live.com,Stanley,Zara
trygstad@hotmail.com,Mayo,Kobe
earmstro@yahoo.ca,Bush,Coco
rnewman@outlook.com,Valencia,Rex
pappp@gmail.com,Walls,Chester
samavati@att.net,Ho,Grace
loscar@comcast.net,May,Gucci
gtaylor@sbcglobal.net,Cantrell,Koda
carcus@msn.com,Clements,Fiona
jfmulder@yahoo.com,Adkins,Bandit
fmtbebuck@icloud.com,Good,Chanel
aibrahim@me.com,Callahan,Payton
earmstro@hotmail.com,Dominguez,Bud
jginspace@att.net,Wolf,Ava
paley@mac.com,Delgado,Brody
mavilar@yahoo.com,Bradford,Annie
jguyer@yahoo.ca,Stark,Cookie
jrkorson@optonline.net,Tanner,Chance
squirrel@hotmail.com,Hayes,Sandy
ninenine@live.com,Barton,Tank
bjoern@mac.com,Hebert,Roxy
lstein@mac.com,Mayer,Lucy
boomzilla@yahoo.com,Montoya,Allie
osrin@yahoo.ca,Shaw,Abbie
malvar@sbcglobal.net,Booth,Lulu
dsowsy@sbcglobal.net,Burgess,Marley
aaribaud@verizon.net,Dunn,Romeo
wenzlaff@msn.com,Shea,Belle
qrczak@yahoo.ca,Nixon,Jackson
grossman@verizon.net,Campbell,Polo
qrczak@att.net,Bryant,Cody
hakim@msn.com,Booker,Olive
snunez@hotmail.com,Dalton,Harley
liedra@me.com,Carlson,Dakota
rmcfarla@mac.com,Galloway,Tiger
wmszeliga@yahoo.com,Larson,Bailey
scottzed@att.net,Mccormick,Scout
magusnet@hotmail.com,Rocha,Tucker
aprakash@comcast.net,Huffman,Oreo
mcsporran@aol.com,Montes,Shelby
leslie@me.com,Morales,Tyson
geekoid@me.com,Medina,Brady
jadavis@mac.com,Davenport,Frankie
portscan@live.com,Valentine,Astro
ducasse@att.net,Schroeder,Madison
gtewari@msn.com,Singleton,Baxter
rgiersig@msn.com,Leach,Sam
mcrawfor@comcast.net,Farrell,Penelope
jyoliver@att.net,Wagner,Mimi
msroth@att.net,Cox,Wrigley
jipsen@live.com,Hardin,Nikki
kspiteri@hotmail.com,Sexton,Gigi
lstaf@me.com,Salas,Prince
zwood@yahoo.ca,Livingston,Brewster
lstaf@aol.com,Lambert,Sammy
aegreene@hotmail.com,Gordon,Holly
grolschie@sbcglobal.net,Ortiz,Joey
ducasse@hotmail.com,Galvan,Sugar
godeke@optonline.net,Glenn,Gunner
matloff@optonline.net,Coleman,Jeter
peoplesr@hotmail.com,Singh,Ziggy
campware@att.net,Mccarty,Phoebe
arebenti@mac.com,Harrington,Maggie
gemmell@icloud.com,Dorsey,Jasmine
ducasse@msn.com,Spence,Maya
empathy@outlook.com,Willis,Mocha
mthurn@live.com,Moon,Jax
pakaste@msn.com,Jordan,Whiskey
phizntrg@mac.com,Ponce,Kahlua
plover@yahoo.com,Duarte,Rusty
ntegrity@yahoo.com,Huynh,Maddie
melnik@aol.com,Cummings,Puppy
vlefevre@yahoo.com,Hurst,Shiner
duchamp@outlook.com,Meadows,Bubba
helger@me.com,Patterson,Nina
ajohnson@optonline.net,Pacheco,Thor
arnold@comcast.net,Watkins,Maverick
mnemonic@comcast.net,Rubio,Benji
damian@live.com,Ashley,Molly
corrada@yahoo.ca,Pope,Simba
bflong@me.com,Baldwin,Mercedes
tattooman@hotmail.com,Wright,Pepper
sacraver@yahoo.com,Schneider,Zoe
bhtower@icloud.com,Powell,Jack
budinger@yahoo.com,Dickson,Ace
mnemonic@me.com,Knapp,Sassy
ianbuck@optonline.net,Watson,Ellie
fangorn@outlook.com,Krueger,Penny
jaarnial@yahoo.com,Kirby,Hazel
bwcarty@outlook.com,Leonard,Lacey
mrdvt@icloud.com,Miranda,Lexi
richard@yahoo.com,Mckinney,Bonnie
sagal@live.com,Barron,Rufus
nacho@aol.com,Frost,Samson
ismail@me.com,Wall,Dexter
twoflower@icloud.com,Manning,Ollie
dimensio@me.com,Sanchez,Zoey
mfburgo@outlook.com,Johnston,Nala
barlow@icloud.com,Gibbs,Hunter
durist@sbcglobal.net,Vega,Henry
mgreen@icloud.com,Green,Jake
dodong@att.net,Wu,Sadie
mccurley@verizon.net,Steele,Chewy
campbell@gmail.com,Collins,Dodger
paley@mac.com,Leon,Oscar
kdawson@yahoo.ca,Velasquez,Chase
sjava@hotmail.com,Williams,Harry
scato@live.com,Alvarado,Copper
milton@comcast.net,Mccullough,Duke
ramollin@outlook.com,Rich,Trixie
galbra@me.com,Walters,Cisco
pkplex@outlook.com,Gardner,Apollo
aukjan@att.net,Cervantes,Cooper
xnormal@sbcglobal.net,Burns,Millie
rcwil@me.com,Mcgee,Panda
syrinx@gmail.com,Klein,Layla
danneng@comcast.net,Spencer,Sophie
vganesh@yahoo.ca,Richard,Peanut
sthomas@verizon.net,Gutierrez,Sasha
mwilson@sbcglobal.net,Matthews,Guinness
timlinux@outlook.com,Yoder,Heidi
mpiotr@comcast.net,Lowery,Milo
pereinar@comcast.net,Warner,Baby
pgottsch@aol.com,Cain,Macy
lridener@msn.com,Gilbert,Scooter
uncle@sbcglobal.net,Morrison,George
houle@verizon.net,Lam,Tucker
boser@sbcglobal.net,Horton,Kobe
osrin@outlook.com,Hardy,Honey
jelmer@yahoo.ca,Stuart,Allie
dmath@gmail.com,Miranda,Blue
marcs@sbcglobal.net,West,Astro
gospodin@outlook.com,Combs,Buddy
bmidd@gmail.com,Bradshaw,Stella
tmccarth@comcast.net,Duke,Jameson
noahb@sbcglobal.net,Payne,Oliver
jhardin@att.net,Berger,Simba
dmiller@icloud.com,Ruiz,Ruby
esasaki@yahoo.com,Bauer,Dolce
tsuruta@sbcglobal.net,Davidson,Nikki
staikos@gmail.com,Hickman,Prince
grinder@mac.com,Bush,Jameson
psharpe@comcast.net,Cline,Oliver
kosact@live.com,Fleming,Simba
dobey@msn.com,Wilkerson,Ruby
ehood@att.net,Ray,Dolce
gward@mac.com,Carson,Nikki
kramulous@optonline.net,Sexton,Prince